chem,obtained,reaction,liquid,white,phosphorus,sulfur,,,,,,,,,
iodic,acid,used,synthesize,chem,increasing,chem,content,salt,,,,,,,
chem,produced,anodic,oxidation,chem,chlorate,inert,electrode,,,,,,,,
although,chem,sometimes,called,soda,long,recognized,compounds,metal,,,,,,,
chem,cyanate,prepared,reaction,chem,,,,,,,,,,,
chem,manufactured,industrially,hydration,chem,used,catalyst,conversion,,,,,,,,
hargreaves,process,uses,sulfur,chem,water,chem,starting,materials,produce,chem,,,,,
chem,produced,using,birkeland,eyde,process,also,known,,,,,,,,
chem,prepared,reaction,chem,catalyst,,,,,,,,,,,
chem,prepared,dissolving,chem,excess,chem,,,,,,,,,,
used,organic,synthesis,introduction,chem,groups,molecules,chem,prepared,reaction,acetic,chem,,,,
currently,industrial,synthesis,chem,mostly,based,catalytic,isomerisation,maleic,acid,aqueous,,,,,
chem,neutralized,chem,give,chem,,,,,,,,,,,
prepared,industry,using,tishchenko,reaction,combining,two,equivalents,chem,presence,alkoxide,catalyst,silicotungstic,acid,used,manufacture
chem,produced,direct,combination,metal,hydrogen,reaction,discovered,,,,,,,,
commonly,chem,combined,presence,oxide,catalyst,reaction,chem,coproduced,,,,,,,
chem,forms,naturally,air,prepared,absorption,equal,parts,,,,,,,,
production,technique,still,major,industrial,route,chem,used,today,niger,fed,chem,containing,medium,,
resulting,chem,using,chem,often,used,produce,chem,compounds,,,,,,,
chem,prepared,industrially,gas,phase,photochemical,reaction,chem,,,,,,,,
chem,produced,industrially,petrochemical,feedstock,chem,,,,,,,,,,
polymer,chemical,grade,isobutylene,typically,obtained,dehydrating,tertiary,chem,catalytic,dehydrogenation,chem,,,,
chem,formed,electrophilic,aromatic,substitution,chem,using,chem,,,,,,,,
chem,formed,condensation,chem,,,,,,,,,,,,
chem,dcp,chlorinated,derivative,chem,molecular,formula,,,,,,,,,
chem,along,chem,produced,combining,chem,temperatures,,,,,,,,,
formerly,chem,also,product,chem,added,chem,chromate,solution,,,,,,,
chem,mainly,produced,industrially,hydroformylation,combining,synthesis,gas,,,,,,,,
chem,prepared,reacting,chem,water,high,temperature,pressure,,,,,,,,
chem,also,prepared,reaction,chem,aqueous,chem,,,,,,,,,
chem,dma,organic,chemical,compound,substituted,derivative,chem,,,,,,,,
simple,commonly,used,method,preparation,chem,laboratory,acidic,esterification,chem,catalyst,,,,,
chem,produced,industrially,reaction,chem,reaction,nonselective,efficient,,,,,,,,
almost,chem,resins,copolymers,made,mixtures,monomers,chem,main,,,,,,,
chem,produced,aldol,condensation,chem,main,application,precursor,,,,,,,,
chem,produced,several,methods,main,industrial,route,reaction,,,,,,,,
cumene,process,chem,,,,,,,,,,,,,
chem,may,also,prepared,pressure,hydrogenation,chem,using,,,,,,,,
chem,commonly,manufactured,fischer,esterification,chem,isomer,make,,,,,,,,
chem,undergoes,many,reactions,expected,chem,weakly,basic,,,,,,,,
chem,produced,two,routes,main,one,hydrogenation,chem,,,,,,,,
chem,synthetic,rubber,polymer,formed,polymerization,process,monomer,,,,,,,,
chem,manufactured,chem,via,three,step,process,,,,,,,,,
industrial,davy,process,technology,route,chem,produced,chem,pre,formed,salt,chem,mass,,,
processes,involve,direct,oxidation,chem,wacker,hoechst,process,hydration,chem,give,chem,,,,
also,prepared,chem,also,used,instead,chem,byproduct,electrodimerisation,chem,,,,,,
chem,currently,prepared,industrially,mainly,two,step,route,,,,,,,,
commercial,settings,chem,produced,oxidation,chem,catalyst,uncatalyzed,endothermic,reaction,,,,,,
chem,forms,linking,many,chem,monomers,make,much,,,,,,,,
industrially,chem,produced,hydrogenation,chem,usually,chem,catalyst,chem,,,,,,,
however,today,industrial,manufacturers,use,chem,following,reaction,produce,chem,,,,,,
chem,produced,dissolving,chem,water,adding,equivalent,amount,,,,,,,,
methods,production,chem,include,chlorination,chem,followed,hydrolysis,,,,,,,,
chem,produced,polymerization,chem,monomer,vcm,shown,,,,,,,,,
aldose,reductase,first,enzyme,chem,aldose,reductase,pathway,responsible,reduction,chem,well,,,,
chem,prepared,industrially,combining,chem,,,,,,,,,,,
first,chem,decomposes,cyanic,chem,endothermic,reaction,cyanic,acid,,,,,,,
chem,also,chem,aromatic,organic,compound,type,chem,,,,,,,,
chem,prepared,polymerization,chem,monomer,free,radical,chem,,,,,,,,
chem,produced,industrially,treating,chem,,,,,,,,,,,
hydrate,chem,produced,chlorination,aqueous,chem,also,prepared,chem,,,,,,,
chem,hydrolyses,chem,,,,,,,,,,,,,
attempts,overcome,previous,shortcomings,earlier,attempts,develop,production,chem,inefficient,recovery,aromatics,production,high,levels,heavies
chem,produced,acid,catalysed,dehydration,chem,turn,arises,,,,,,,,
majority,chem,produced,treating,chem,alternatively,manufactured,thermal,decomposition,,,,,,,
two,commercial,routes,used,production,chem,using,reaction,isocyanates,nucleophiles,chem,form,chem,,,
polystyrene,synthetic,aromatic,polymer,made,monomer,chem,,,,,,,,,
chem,organic,compound,formed,chem,dimerizes,diels,alder,,,,,,,,
synthetic,chem,obtained,chem,turn,obtained,reaction,chem,aqueous,,,,,,,
chem,oxime,prepared,condensation,reaction,chem,alternatively,another,,,,,,,,
recently,chem,produced,fermentation,chem,,,,,,,,,,,
another,route,styrene,involves,reaction,chem,,,,,,,,,,
syndiotactic,polystyrene,prepared,combining,chem,catalyst,styrene,monomer,generate,polystyrene,chain,syndiotactic,,,,
common,method,preparing,chem,fischer,esterification,precursors,chem,heated,presence,strong,,,,,
chem,produced,copper,catalysed,addition,chem,product,industrial,,,,,,,,
chem,hypochlorite,produced,reaction,chem,solution,chem,traditional,,,,,,,,
industrially,chem,,,,,,,,,,,,,,
chem,obtained,aminating,chem,chem,presence,nickel,copper,,,,,,,,
hydrogen,may,obtained,fossil,sources,chem,sources,unsustainable,,,,,,,,
chem,produced,industrially,treating,chem,,,,,,,,,,,
chem,prepared,industrially,oxidation,chem,,,,,,,,,,,
endosulfan,derivative,chem,chemically,similar,chem,,,,,,,,,,
chem,hypochlorite,first,produced,claude,louis,berthollet,laboratory,,,,,,,,
today,allyl,chem,produced,commercially,dow,shell,corporations,hydrolysis,allyl,,,,,,
chem,produced,oxidation,xylene,dilute,chem,,,,,,,,,,
phosphorus,trichloride,prepared,industrially,reaction,chem,refluxing,solution,white,chem,continuous,removal,formed,,,
today,artificial,chem,made,either,guaiacol,lignin,,,,,,,,,
chem,produced,industrially,chem,also,occurs,mineral,pyrolusite,,,,,,,,
solutions,chem,hydrosulfide,prepared,passing,hydrogen,sulfide,gas,concentrated,,,,,,,
important,epoxy,resins,produced,combining,chem,give,chem,ethers,,,,,,,
industry,chem,produced,methylation,chem,using,potash,chem,guaiacol,,,,,,,
chem,nma,chem,derivative,,,,,,,,,,,,
amoco,process,chem,produced,oxidation,chem,air,process,uses,chem,,,,,,
industry,chem,produced,heating,mixture,chem,either,chem,,,,,,,,
karl,reimer,synthesized,chem,,,,,,,,,,,,
purification,chem,somewhat,difficult,since,isomers,formed,even,via,,,,,,,
chem,prepared,reaction,chem,gas,usually,prepared,reaction,,,,,,,,
guaiacol,synthesized,dimethylation,chem,followed,selective,mono,demethylation,,,,,,,,
chem,aromatic,chem,derived,chem,,,,,,,,,,,
chem,epoxy,resins,higher,functionality,epoxies,formed,aromatic,,,,,,,,
radical,chain,reaction,proceeds,series,intermediates,starting,oxidation,chem,product,,,,,,
alternatively,chem,produced,partial,hydrogenation,chem,process,also,adjusted,,,,,,,
chem,still,made,lignin,wastes,synthetic,chem,today,,,,,,,,
chem,obtained,industrially,oxidation,chem,reaction,localized,central,,,,,,,,
cyanogen,bromide,prepared,oxidation,chem,proceeds,two,steps,via,intermediate,cyanogen,formula,,,,
synthesis,shown,used,chem,originally,named,,,,,,,,,,
chem,prepared,carefully,treating,chem,reaction,exothermic,ignition,,,,,,,,
chem,produced,via,kolbe,chem,synthesis,chem,,,,,,,,,
chem,commonly,produced,via,hydrogenation,fructose,formed,either,,,,,,,,
chem,produced,reacting,acetic,chem,preparation,used,traditional,,,,,,,,
several,routes,exist,synthesizing,chem,,,,,,,,,,,
chem,prepared,heating,phthalic,anhydride,aqueous,chem,giving,,,,,,,,
chem,prepared,commercially,reaction,chem,gas,acidic,solid,,,,,,,,
however,operate,economically,must,demand,chem,product,worldwide,demand,chem,approximately,million,tonnes,,,
one,time,acetic,anhydride,prepared,reaction,chem,also,reacts,chem,chem,corresponding,chem,derivatives,,
chem,prepared,acetoacetylation,chem,using,chem,,,,,,,,,,
alternatively,chem,produced,hydrogenation,chem,process,also,adjusted,favor,,,,,,,
chem,produced,partial,hydrogenation,chem,process,developed,asahi,,,,,,,,
chem,produced,combining,chem,aqueous,chem,,,,,,,,,,
judicious,heating,gypsum,converts,partially,dehydrated,mineral,called,chem,sulfate,hemihydrate,calcined,gypsum,plaster,paris,
chem,produced,catalytic,reforming,petroleum,naphtha,part,btx,,,,,,,,
chem,synthesized,reacting,mole,chem,moles,chem,,,,,,,,,
pyrite,heated,air,yield,chem,sulfate,oxidized,heating,air,form,chem,sulfate,,,,
chem,synthesised,chem,first,converted,oxime,,,,,,,,,,
chem,component,mixture,usually,dehydrogenated,chem,increases,chem,,,,,,,,
chem,formed,product,ammoniation,chem,,,,,,,,,,,
chem,converted,chem,treating,salt,aqueous,chem,prepared,,,,,,,,
chem,produced,hydrolysis,chem,reacts,chem,emissions,converted,,,,,,,,
chem,prepared,careful,heating,chem,decomposes,chem,water,,,,,,,,
chem,produced,industrially,electric,arc,furnace,mixture,lime,,,,,,,,
thus,cyclotrimerization,chem,produced,trimerization,chem,using,acid,catalysts,,,,,,,
commercial,production,chem,several,thousand,tons,annually,hydrolysis,aminolysis,chem,,,,,,
chem,synthesized,body,many,organisms,part,chem,cycle,,,,,,,,
alternatively,copper,chem,readily,made,electrolysis,water,containing,little,electrolyte,,,,,,
chem,produced,industrially,treatment,chem,,,,,,,,,,,
chem,produced,petrochemical,hydration,chem,via,biological,processes,,,,,,,,
addition,chem,water,gives,chem,,,,,,,,,,,
industry,elemental,chem,usually,produced,electrolysis,chem,dissolved,water,,,,,,,
resulting,chem,dehydrated,via,chem,readily,cyclises,gamma,chem,,,,,,,
method,producing,chem,hypochlorite,involving,electrolysis,brine,produce,chem,gas,,,,,,
chem,produced,olin,raschig,process,chem,hypochlorite,active,,,,,,,,
chem,reacts,water,form,chem,,,,,,,,,,,
chem,use,industrial,feedstock,solvent,sometimes,referred,synthetic,,,,,,,,
chem,industrially,produced,ozonolysis,chem,,,,,,,,,,,
chem,first,prepared,impure,form,french,chemist,chlorinating,,,,,,,,
chem,produced,reaction,chem,aqueous,chem,also,produced,,,,,,,,
chem,synthesized,chem,process,,,,,,,,,,,,
process,chem,hypochlorite,naclo,chem,nacl,formed,chem,passed,,,,,,,
chem,produced,treatment,chem,,,,,,,,,,,,
specific,reactions,reaction,metal,aqueous,chem,pharmaceutical,grade,chem,produced,treating,high,purity,,,
chem,made,treating,chem,often,product,coke,ovens,,,,,,,,
chem,hydrated,indirectly,reacting,concentrated,chem,produce,chem,,,,,,,,
chem,generated,treating,chem,chromate,corresponding,chem,dichromate,,,,,,,,
chem,bisulfite,prepared,bubbling,excess,chem,solution,suitable,,,,,,,,
chem,results,direct,process,chem,elemental,silicon,presence,,,,,,,,
chem,hypochlorite,reacts,chem,release,chem,gas,,,,,,,,,
chem,salt,formed,partial,neutralization,chem,equivalent,chem,,,,,,,,
heated,chem,decomposes,chem,gas,chem,fume,hazardous,,,,,,,,
dry,powdered,chem,may,formed,spraying,chem,reaction,chamber,filled,,,,,,
industry,chem,used,precursor,chem,although,anhydrous,chem,usually,,,,,,,
chem,hydration,brewing,produces,chem,,,,,,,,,,,
case,wine,making,chem,bisulfite,releases,sulfur,chem,gas,added,water,,,,,
chem,prepared,friedel,crafts,reaction,chem,,,,,,,,,,
united,states,food,drug,administration,fda,information,chem,production,process,flow,sheet,chem,oxidation,method,
second,production,method,involves,reacting,chem,elevated,temperatures,produce,chem,gas,,,,,
industrial,production,chem,entails,acid,base,reaction,chem,used,anhydrous,,,,,,
chem,produced,byproduct,vapor,phase,hydration,chem,make,,,,,,,,
thus,faraday,unwittingly,discovered,chem,could,produced,chem,component,coal,gas,acid,,,,
special,case,water,reacting,water,produce,chem,ions,commonly,known,self,ionization,water,,,
chem,product,manufacture,chem,,,,,,,,,,,,
creates,intermediate,chem,either,excess,chem,catalytic,hydrogenation,chem,group,,,,,,
epichlorohydrin,manufactured,allyl,chem,two,steps,beginning,addition,hypochlorous,acid,affords,,,,,
chem,prepared,chem,via,koch,reaction,reactions,require,,,,,,,,
boric,acid,first,prepared,wilhelm,homberg,borax,action,mineral,acids,,,,,,
chem,prepared,hydrolysis,chem,followed,acidification,anion,,,,,,,,,
chem,intended,industrial,use,often,produced,chem,,,,,,,,,
chem,intermediate,species,formation,acid,rain,chem,,,,,,,,,
production,trends,chem,thus,generally,follow,chem,,,,,,,,,
chem,prepared,free,radical,substitution,chem,ring,high,,,,,,,,
chem,prepared,redistribution,reaction,chem,,,,,,,,,,,
main,application,chem,chlorite,generation,chem,bleaching,stripping,textiles,pulp,,,,,,
boric,acid,may,prepared,reacting,borax,chem,also,formed,product,hydrolysis,,,,,
acetyl,chem,mixed,chem,produced,reaction,acetic,chem,produced,,,,,,,
chem,organic,compound,derivative,chem,,,,,,,,,,,
chem,produced,chem,via,intermediate,chem,,,,,,,,,,
chem,byproduct,production,chem,production,also,decreased,,,,,,,,,
examples,simple,chem,derivatives,chem,abbreviated,phoh,phme,respectively,,,,,,,
chem,absorbed,alkaline,solution,reduced,chem,yielding,chem,,,,,,,,
mentioned,formic,acid,readily,decomposes,concentrated,chem,,,,,,,,,
chem,produced,chem,using,either,water,chem,chem,,,,,,,,
chem,begin,partially,decompose,chem,together,traces,hydrogen,,,,,,,,
chem,one,several,glycols,derived,chem,,,,,,,,,,
chem,produced,catalytic,ammoxidation,chem,also,known,sohio,,,,,,,,
chem,also,synthesized,industrially,neutralizing,chem,also,neutralizing,,,,,,,,
chem,reacts,water,produce,chem,according,chemical,equation,,,,,,,,
chem,produced,catalytic,reaction,chem,elevated,temperatures,high,,,,,,,,
chem,produced,treating,chem,produces,chem,formate,turn,,,,,,,,
industrially,chem,produced,chem,food,grade,use,global,capacity,,,,,,,
chem,produced,commercially,partial,oxidation,chem,,,,,,,,,,
chem,usually,made,thermal,decomposition,materials,chem,seashells,,,,,,,,
decreasing,extent,acetic,chem,also,prepared,reaction,chem,low,pressure,,,,,,
chem,decomposes,air,chem,,,,,,,,,,,,
omega,process,chem,first,converted,chem,react,water,second,step,,,,,,
chem,reacts,chem,exothermically,form,chem,fuels,rather,,,,,,,,
current,industrial,process,manufacture,chem,involves,either,carbonylation,chem,alternative,two,stage,,,,
chem,commonly,manufactured,two,general,routes,full,range,,,,,,,,
however,reduction,chem,red,phosphorus,practical,way,produce,hydrogen,bromide,,,,,,
industry,chem,mainly,produced,hydrocarboxylation,chem,using,nickel,chem,,,,,,,
route,chem,via,ketene,developed,wacker,chemie,demand,acetic,,,,,,,
wurtz,prepared,chem,via,hydration,chem,,,,,,,,,,
chem,prepared,commercially,combining,chem,either,chem,occurs,,,,,,,,
chem,prepared,reaction,chem,employing,catalyst,reaction,chem,,,,,,,,
chem,used,industrial,production,hydrogen,cyanide,,,,,,,,,,
produced,large,scale,direct,reaction,bromine,excess,chem,temperatures,higher,small,scale,fluorination,chem,,
copper,chem,compound,two,elements,copper,chem,,,,,,,,,
chemistry,hypochlorite,ion,composed,chem,,,,,,,,,,,
similarly,chem,also,reacts,alkali,metal,chem,giving,chem,,,,,,,
laboratory,chem,produced,condensation,reaction,chem,follows,industrial,chem,,,,,,,
deprotonation,base,affords,series,chem,cya,first,synthesized,friedrichi,thermal,decomposition,chem,,,,
chem,analogue,chem,three,hydrogen,atoms,chem,group,,,,,,,,
chem,sea,water,reacted,lime,dolomitic,lime,form,,,,,,,,
commercial,glyoxal,prepared,either,gas,phase,oxidation,chem,presence,chem,copper,catalyst,laporte,process,liquid,
chem,produced,industrially,catalytic,oxidation,chem,,,,,,,,,,
chem,produced,industrially,via,chem,,,,,,,,,,,
prepared,chem,others,prepared,hydrogen,bromide,obtained,burning,chem,,,,,,,
chem,prepared,hydrolysis,chem,hydratase,,,,,,,,,,,
dow,process,chem,regenerated,chem,using,chem,also,prepared,chem,,,,,,
commercial,use,chem,produced,absorbing,chem,pressure,solid,chem,,,,,,,
industrially,succinic,anhydride,prepared,catalytic,hydrogenation,maleic,chem,,,,,,,,
glyoxal,may,synthesized,laboratory,oxidation,chem,,,,,,,,,,
chemical,reactions,simultaneously,produce,formaldehyde,shown,dehydrogenation,reaction,chem,could,generated,oxidation,methane,route,industrially,viable
chem,also,arises,esterification,chem,presence,strong,chem,,,,,,,,
treated,acid,forms,toxic,gas,chem,produced,treating,chem,worldwide,production,estimated,tons,,,
chem,produced,calcination,chem,chem,treatment,chem,lime,,,,,,,,
laboratory,prepared,oxidation,chem,chlorite,chem,prepared,laboratory,reaction,chem,,,,,,
anhydrous,derivatives,prepared,chem,like,chem,adopts,complex,structures,involving,multiple,,,,,
industrial,scale,chem,produced,hydrogenation,chem,,,,,,,,,,
iodic,acid,carefully,heated,dehydrates,chem,,,,,,,,,,
dissolution,process,described,follows,chem,heated,chem,oxidation,,,,,,,,
chem,undergoes,cannizzaro,reaction,presence,basic,catalysts,produce,,,,,,,,
chem,used,manufacturing,cement,mortar,lime,chem,usually,,,,,,,,
acid,derived,hydrolysis,maleic,anhydride,latter,produced,oxidation,chem,,,,,,,
chem,produced,industrially,byproduct,dealkylation,chem,produce,chem,,,,,,,,
iodic,acid,acts,oxidizer,product,reaction,either,chem,ion,,,,,,,
kieserite,combined,solution,chem,produce,chem,,,,,,,,,,
salt,derived,weak,chem,readily,reverts,hcn,hydrolysis,moist,solid,emits,,,,,
additionally,chem,used,stabilize,chem,may,interfere,ability,properly,,,,,,,
chem,first,isolated,humphry,davy,electrolysis,chem,,,,,,,,,
example,chem,reacts,hydrochloric,chem,formed,,,,,,,,,,
acid,converted,maleic,anhydride,dehydration,malic,acid,hydration,chem,,,,,,,
chem,produced,industrially,autoxidation,chem,forms,upon,treatment,,,,,,,,
chem,cyanide,reacts,rapidly,strong,acids,release,hydrogen,,,,,,,,
process,particularly,advantageous,preparing,chem,mea,dea,tea,reacting,denatured,chem,,,,,
chem,first,reported,french,chemist,charles,adolphe,wurtz,,,,,,,,
commercial,production,chem,,,,,,,,,,,,,
mainly,manufactured,partial,combustion,methane,appears,side,product,chem,,,,,,,
process,preparing,chem,improvement,comprises,contacting,chem,presence,catalyst,temperature,,,,,,
industrially,chem,produced,electrolysis,hot,chem,solution,reaction,progresses,,,,,,,
route,involves,reaction,chem,taed,presence,alkaline,chem,effective,bleaching,agent,,,,,
reaction,mixture,cooled,parts,chem,separated,yield,based,xylene,reacted,,,,,,
chem,prepared,via,free,radical,addition,chem,,,,,,,,,
reaction,chem,transformation,products,chem,obtained,,,,,,,,,,
commonly,chem,combined,presence,oxide,catalyst,reaction,chem,coproduced,,,,,,,
chem,industrially,produced,direct,oxidation,chem,presence,chem,,,,,,,,
search,close,connect,ihs,chemical,economics,handbook,chem,published,march,chem,used,manufacture,chem,pet,
according,invention,chem,prepared,chem,pressures,range,atm,,,,,,,,
chem,manufactured,chlorination,chem,presence,catalytic,amount,chem,,,,,,,,
laboratory,compound,may,prepared,reacting,chem,followed,acidification,considering,high,toxicity,chem,,,,
process,process,described,conventional,technology,purified,chem,pta,production,xylene,similar,one,originally,developed,,
preparation,edit,chem,bisulfate,made,mixing,stoichiometric,quantities,chem,,,,,,,
experiment,chem,produced,acetylation,chem,,,,,,,,,,,
chem,recovery,adsorption,,,,,,,,,,,,,
background,number,methods,manufacture,chem,long,known,,,,,,,,,
processes,preparing,chem,reacting,chem,primary,chem,secondary,chem,particular,,,,,,
chem,prepared,chem,mixture,concentrated,chem,water,chem,,,,,,,,
general,description,chem,bisulfate,may,prepared,mixing,chem,elevated,temperatures,,,,,,
chem,ach,organic,compound,used,production,chem,,,,,,,,,
new,xylene,crystallization,capacity,additions,made,combination,paraselective,chem,disproportionation,technology,,,,,
description,present,invention,relates,process,preparing,chem,reacting,chem,primary,chem,secondary,chem,presence,,
object,invention,provide,process,producing,tert,chem,industrially,advantageously,reaction,chem,water,,,,
thus,catalyst,according,invention,preparing,chem,cation,exchange,resin,weight,percent,noble,metal,,,
reactor,chem,product,generated,precipitated,,,,,,,,,,,
pyrrole,prepared,industrially,treatment,chem,presence,chem,catalysts,like,,,,,,,
compound,generated,part,chem,route,chem,,,,,,,,,,
chem,bisulfite,contact,chem,bleach,aqueous,solution,chem,,,,,,,,
new,development,toluene,alkylation,process,xylene,obtained,reacting,chem,little,chem,product,,,,
object,present,invention,discover,improved,denaturant,chem,denatured,way,advantageously,used,particular,process,preparing,,
case,adding,tert,chem,starting,material,chem,mixture,containing,chem,previously,,,,,
chem,manufactured,chem,via,three,step,process,,,,,,,,,
industrially,chem,manufactured,palladium,catalyzed,decarbonylation,furfural,copper,catalyzed,,,,,,,
particularly,present,invention,relates,process,continuous,production,chem,liquid,phase,oxidation,chem,,,,
general,description,invention,chem,metathesized,accordance,invention,recovered,crystalline,form,chem,,,,,
today,industrial,chem,produced,catalytic,process,directly,chem,,,,,,,,
chem,conversion,selective,disproportionation,xylene,recovery,crystallization,,,,,,,,,
description,invention,relates,process,producing,tert,chem,reacting,chem,water,presence,acidic,cation,exchange,,
chem,particularly,preferably,prepared,process,invention,example,chem,,,,,,,,
benzal,chem,produced,free,radical,chlorination,toluene,preceded,process,,,,,,,
chem,manufactured,chem,via,three,step,process,,,,,,,,,
embodiment,necessary,recycle,portion,chem,use,wash,water,free,chem,sesquisulfate,entrained,,,,
days,atmospheric,chem,oxidized,sunlight,produce,chem,water,,,,,,,,
drawing,illustrates,specific,embodiment,present,invention,chem,,,,,,,,,
design,includes,chem,conversion,section,xylene,separation,section,xylene,recovery,,,,,,
accordingly,found,process,preparing,chem,reacting,chem,primary,chem,secondary,chem,presence,,,,
suppress,side,reactions,accelerate,reaction,rate,adding,tert,chem,reaction,system,chem,mixture,containing,chem,water
examined,dna,adduct,formation,myeloperoxidase,containing,cells,treated,chem,metabolite,chem,,,,,
chem,formed,condensation,gallic,chem,,,,,,,,,,,
embodiments,present,invention,employed,metathesis,procedure,chem,sesquisulfate,removed,chem,generator,entrained,aqueous,acid,,
chem,including,open,air,forming,chem,water,,,,,,,,,
steady,state,concentration,aromatic,chem,precursors,liquid,solid,slurry,phase,reactor,maintained,,,,
values,second,viscosity,virial,coefficient,obtained,chem,well,chem,compared,results,rainwater,friend,theory,,
primary,chem,formed,way,react,bioethanol,form,corresponding,secondary,,,,,,,
material,composition,smaller,content,tert,chem,line,higher,content,hydrocarbon,mixture,line,side,,,
process,manufacturing,chem,comprises,mixing,approximately,parts,weight,functional,derivative,,,,,,
experiment,chem,generator,spent,acid,solution,chem,sesquisulfate,fed,,,,,,,
chem,manufactured,thermal,deamination,chem,catalysts,weak,base,,,,,,,,
fabrik,basf,developed,means,convert,synthesis,gas,mixture,chem,,,,,,,
conversion,chem,accomplished,single,bacterial,strain,produces,requisite,enzymes,,,,,,,
presence,chem,cometabolically,utilized,cultures,completely,mineralized,,,,,,,,,
denaturation,chem,carried,step,precedes,continuous,chem,synthesis,,,,,,,,
example,batch,reactor,system,chem,fed,stoichiometric,excess,water,propionic,anhydride,may,,,,
distillation,column,inert,hydrocarbons,contained,hydrocarbon,mixture,unreacted,chem,separated,removed,directly,give,aqueous,solution,highly
process,manufacturing,chem,comprises,heating,member,group,consisting,chem,aqueous,,,,,,
traditionally,maleic,chem,produced,oxidation,chem,aromatic,compounds,,,,,,,,
chem,derivatives,ring,alkylated,derivatives,chem,used,anti,,,,,,,,
interactions,chem,btx,biodegradation,,,,,,,,,,,,
chem,prepared,chem,bacteria,belonging,genus,burkholderia,,,,,,,,,
particularly,preferred,process,variant,reaction,product,reaction,chem,comprises,chem,fractionated,distillation,chem,obtained,particular,
reaction,mixture,taken,reactor,analyzed,give,conversion,rate,chem,selectivity,chem,,,,,
process,manufacturing,chem,comprises,heating,chem,member,group,consisting,alkali,,,,,,
present,invention,based,upon,production,chem,reaction,chem,water,,,,,,,
chem,cationic,chem,,,,,,,,,,,,,
abstract,microbial,consortium,pseudomonas,strain,used,studying,biodegradation,chem,aeorbic,conditions,,,,,
chem,produced,industrially,reaction,chem,presence,base,transesterification,,,,,,,,
continuous,process,manufacturing,chem,comprises,mixing,approximately,parts,weight,member,group,,,,,
processes,producing,tert,chem,reacting,chem,containing,chem,water,presence,various,,,,,
alternatively,chem,may,produced,desired,via,reaction,chem,water,,,,,,,
chem,often,used,organic,base,chemical,reactions,thus,,,,,,,,
process,according,claim,wherein,chem,reactant,comprises,synthetic,chem,denatured,addition,denaturant,,,,
cometabolic,removal,xylene,reduced,yields,chem,,,,,,,,,,
chem,produced,industrially,hydroxylation,chem,using,chem,previously,,,,,,,,
contains,addition,unreacted,xylene,partially,oxidized,oxidation,products,chem,heavy,metal,catalyst,cobalt,manganese,proper,amounts
process,manufacturing,chem,comprises,heating,functional,derivative,chem,member,group,,,,,,
one,step,low,pressure,process,preparation,chem,comprises,reacting,chem,water,temperature,partial,pressure,,
particular,preference,given,using,additive,addition,chem,denaturing,chem,,,,,,,
top,business,segment,products,tert,chem,tba,tert,chem,tba,tba,highly,pure,,,
chem,cyanide,synthesized,high,yields,liquid,chem,,,,,,,,,
,,,,,,,,,,,,,,,
allyl,chem,produced,industrially,gas,phase,reaction,chem,presence,,,,,,,
transformed,mainly,partially,oxidized,compounds,relatively,little,formation,chem,,,,,,,
although,chem,water,reaction,stoichiometry,preferred,catalyst,system,containing,,,,,,,
unsubstituted,chem,prepared,chem,acyation,formic,acid,subsequent,cyclization,,,,,,,
oxidation,tert,chem,role,unactivated,bonds,product,selectivity,full,functionality,,,,,,
large,quantities,chem,produced,chem,manufacturing,process,byproduct,hydrocarbons,predominantly,,,,,,
point,degradation,rate,injectability,tuned,controlling,ratio,monomers,chem,contributes,liquid,properties,chem,solid,,
particularly,relates,process,reaction,chem,water,presence,catalyst,compositions,essentially,comprising,critical,,,,
description,background,invention,present,invention,relates,production,chem,especially,production,high,yield,good,quality,chem,
process,invention,therefore,preferably,employed,preparing,chem,reacting,chem,compound,formula,defined,,,,
enantiomerically,pure,chem,prepared,chem,via,diazotization,chem,,,,,,,,
chem,prepared,industrially,chem,,,,,,,,,,,,
isotopic,labeling,experiments,show,surface,chem,present,tert,chem,dose,incorporated,chem,products,,,
conclusions,solid,liquid,polyesteranhydrides,synthesized,transesteri,cation,chem,released,constantly,incorporated,chem,months,,,
consequently,chem,produced,kidney,transported,systemic,circulation,metabolized,liver,,,,,,,
radiation,telomerization,chem,,,,,,,,,,,,,
basf,describes,process,preparing,chem,reacting,chem,primary,chem,secondary,chem,presence,,,,
conditions,however,oxidation,chem,useful,oxygenated,derivative,chem,takes,place,low,,,,,
reduction,chem,first,performed,nikolay,zinin,using,inorganic,sulfide,,,,,,,
method,prepares,chem,two,steps,follows,action,molybdenum,bismuth,base,,,,,,
main,uses,production,chem,although,chem,also,used,produce,solvent,chem,,,,,
chem,produced,commercially,chem,presumably,via,chem,see,,,,,,,,
chem,particle,dissolves,area,around,becomes,zone,high,,,,,,,,
thus,conversion,chem,half,ripe,tomato,tissue,increased,presence,chem,,,,,,
desired,present,process,use,xylene,raw,material,manufacture,chem,obviously,possible,add,progressively,xylene,aqueous,system
process,according,claim,wherein,chem,reactant,comprises,biochemically,biologically,prepared,chem,denatured,,,,
object,invention,provide,process,producing,tert,chem,industrially,advantageously,reaction,chem,water,,,,
chem,neutral,solution,chem,solution,chem,black,,,,,,,,,
chem,contents,manufacture,applications,solubility,safety,references,external,,,,,,,,
incorporation,chem,produces,complex,mixture,,,,,,,,,,,
chem,scr,sncr,systems,control,injected,ratios,ranging,,,,,,,,
case,adding,tert,chem,starting,material,chem,mixture,containing,chem,previously,,,,,
stimulation,chem,production,tomato,tissue,propionic,acid,skip,main,,,,,,,
chem,improved,quality,obtained,process,comparison,previous,methods,,,,,,,,
process,according,claim,wherein,chem,reactant,comprises,chem,prepared,fermentation,denatured,addition,,,,
present,invention,rapid,reaction,kinetics,practically,quantitative,yield,chem,also,obtained,,,,,
chem,made,use,chemical,industry,made,chem,explained,,,,,,,,
process,invention,aqueous,solution,chem,continuously,fed,heated,reactor,continuous,stream,gaseous,,,,
furthermore,found,use,chem,,,,,,,,,,,,
graph,showing,relationship,selectivity,chem,water,content,material,composition,provided,chem,content,,,,
commercial,chem,produced,chem,presence,strong,base,,,,,,,,,
specific,object,invention,provide,process,wherein,chem,obtained,high,yield,xylene,oxidation,molecular,chem,,
operating,conditions,used,two,abovementioned,processes,reaction,hydrochlorination,chem,slow,chem,yields,low,,,
chem,produced,chem,,,,,,,,,,,,,
oxidation,chem,hypochlorite,chem,edit,chem,produced,olin,raschig,,,,,,,
showing,usable,preferable,ranges,three,component,system,tert,chem,water,chem,mixture,figs,,,
water,manganese,cobalt,ratio,catalyst,molar,yield,toluic,chem,decreases,obviate,difficulty,chem,produced,situ,accordance
chem,precursor,chem,key,ingredient,household,laundry,detergents,,,,,,,,
one,variant,chem,used,particular,process,preparing,chem,denatured,preferably,,,,,,
yields,chem,obtained,process,present,invention,least,mol,even,,,,,,,
process,chem,react,produce,chem,according,equation,process,involves,,,,,,,
chem,thus,obtained,whose,residual,chem,concentration,weight,,,,,,,,
chem,basic,alkali,chemical,properties,comparable,chem,,,,,,,,,
preparation,edit,chem,oxime,prepared,condensation,reaction,chem,noh,noh,,,,,,
order,obtain,pure,product,impure,chem,recrystallized,absolute,chem,solubility,preferably,chem,even,,,
solid,line,shows,conversion,chem,dotted,line,shows,selectivity,chem,,,,,,
however,found,chem,present,conditions,appreciable,degradation,takes,place,consequence,,,,,,
chem,commodity,raw,materials,chem,carbonylation,long,appeared,,,,,,,,
march,process,preparation,chem,abstract,process,preparation,chem,consists,especially,simultaneously,,,,,
chem,separated,reaction,mixture,distillation,example,chem,recycled,,,,,,,,
oxidation,chem,edit,chem,synthesized,chem,process,sometimes,called,,,,,,,
seen,conditions,used,yield,chem,produced,based,xylene,fed,mole,,,,,,
reactions,edit,famous,commercially,important,reaction,chem,oxime,beckmann,rearrangement,yielding,chem,reaction,catalyzed,,
commonly,chem,combined,presence,oxide,catalyst,reaction,chem,coproduced,,,,,,,
suppress,side,reactions,accelerate,reaction,rate,adding,tert,chem,reaction,system,chem,mixture,containing,chem,water
company,built,first,plant,using,catalyst,rhodium,catalyzed,chem,carbonylation,became,dominant,method,chem,production,see
process,preparation,chem,hydrochlorination,chem,improvement,comprising,simultaneously,introducing,chem,,,,,,
net,reaction,follows,route,chem,produced,several,steps,chem,,,,,,,
conversion,chem,example,observed,yield,referred,chem,percent,,,,,,,,
illustrates,one,particular,way,practice,continuous,operation,oxidation,chem,via,toluic,acid,major,intermediate,compound,also
cooled,reaction,mixture,neutralized,chem,continuing,agitation,cooled,temperature,chem,added,reaction,,,,
chem,aliphatic,chem,produced,bio,chem,renewable,resource,,,,,,,,
chem,production,chem,,,,,,,,,,,,,
german,patent,describes,process,manufacture,chem,consists,reacting,pressure,ranging,bar,bar,chem,,,
attempt,alleviate,corrosion,problems,chem,compound,omitted,degradation,side,reactions,partially,oxidized,,,,
derivatives,chem,two,important,derivatives,chem,,,,,,,,,,
third,organic,substance,chem,like,tert,chem,added,reaction,system,defects,,,,,
catalyst,unconverted,chem,distillation,outlet,apparatus,reused,system,,,,,,,,
chem,introduced,reaction,mixture,agitating,produce,completion,oximation,,,,,,,,
production,method,chem,according,claim,wherein,reaction,aid,comprises,least,,,,,,
industrially,chem,produced,passing,purified,chem,gas,bed,porous,,,,,,,
summary,invention,semicontinuous,process,found,preparation,chem,simultaneously,introduced,sediment,essentially,consisting,weight,chem,,
pure,bacterial,isolates,convert,chem,,,,,,,,,,,
connect,britannica,facebook,twitter,youtube,instagram,pinterest,chem,best,prepared,raschig,process,involves,reaction,aqueous,
material,composition,smaller,content,tert,chem,line,higher,content,hydrocarbon,mixture,line,side,,,
thus,seen,except,residual,gaseous,mixture,synthesis,chem,used,another,synthesis,example,chem,necessary,recycle,
used,production,chem,,,,,,,,,,,,,
preparation,edit,chem,prepared,reacting,chem,high,temperature,pressure,using,,,,,,
present,invention,rapid,reaction,kinetics,practically,quantitative,yield,chem,also,obtained,,,,,
chem,catalyzed,chem,promoted,chem,proposed,tested,,,,,,,,,
phosgene,synthesized,cornish,chemist,john,davy,exposing,mixture,chem,sunlight,,,,,,
use,larger,amounts,reductant,proton,source,increased,amounts,chem,equiv,equiv,respectively,table,runs,,
distillation,column,inert,hydrocarbons,contained,hydrocarbon,mixture,unreacted,chem,separated,removed,directly,give,aqueous,solution,highly
reaction,order,respect,chem,found,approximately,catalysts,whilst,chem,inhibited,reaction,,,,,
chem,oxime,usually,produced,reacting,chem,,,,,,,,,,
preferably,mixture,chem,fed,multi,stage,extraction,step,comprises,mixture,,,,,,
laboratory,commercial,use,synthesized,three,principal,methods,treatment,chem,catalytic,oxidation,chem,mixture,decomposition,chem,hconh
hand,protonation,reduction,chem,complex,give,chem,together,amide,complex,,,,,,
addition,use,material,composition,containing,water,tert,chem,high,concentrations,disadvantageously,lowers,equilibrium,conversion,due,
chem,produced,processes,esterification,chem,,,,,,,,,,,
chem,thus,obtained,whose,residual,chem,concentration,weight,,,,,,,,
chem,synthesized,chem,condensation,,,,,,,,,,,,
,,,,,,,,,,,,,,,
chem,organic,bases,esp,,,,,,,,,,,,
synthesis,hydrogen,cyanide,using,starting,gas,stream,containing,chem,containing,natural,gas,stream,chem,,
operating,conditions,used,two,abovementioned,processes,reaction,hydrochlorination,chem,slow,chem,yields,low,,,
reaction,mixture,taken,reactor,analyzed,give,conversion,rate,chem,selectivity,chem,,,,,
,,,,,,,,,,,,,,,
chem,prepared,chem,via,chem,condensation,,,,,,,,,,
chem,bases,pref,,,,,,,,,,,,,
esterification,chem,conventionally,catalyzed,corrosive,mineral,acids,,,,,,,,,
used,production,chem,,,,,,,,,,,,,
hydrogen,cyanide,mainly,obtained,reaction,chem,andrussow,process,natural,gas,methane,presence,chem,,,
hand,reaction,chem,called,spent,fraction,one,molecule,water,presence,,,,,,
preparation,chem,prepared,reaction,chem,,,,,,,,,,,
separately,confirmed,direct,conversion,molecular,chem,using,gas,instead,gas,,,,,,
chem,base,chem,base,chem,base,chem,derivs,,,,,,,,
chem,produced,copper,catalyzed,oxidation,chem,air,,,,,,,,,
chem,firstly,dehydrogenated,intermediate,chem,could,easily,react,,,,,,,,
related,analytes,chem,mixed,isomers,chem,search,chemicals,suggestions,,,,,,,
hydrogen,cyanide,prepared,commercially,reaction,chem,high,temperature,,,,,,,,
object,present,invention,discover,improved,denaturant,chem,denatured,way,advantageously,used,particular,process,preparing,,
processes,producing,tert,chem,reacting,chem,containing,chem,water,presence,various,,,,,
mixture,rapidly,added,anhydrous,chem,pressure,produce,chem,water,plus,salt,waste,,,,
may,prepared,thermal,decomposition,chem,refers,compounds,contain,chem,group,although,generally,,,,
chem,,,,,,,,,,,,,,,
chem,detected,exhaled,air,within,first,minute,chem,,,,,,,,
collectors,successfully,tested,number,chem,ores,,,,,,,,,,
present,screening,evaluation,compares,costs,process,manufacturing,chem,andrussow,technology,,,,,,
process,particularly,advantageous,preparing,chem,mea,dea,tea,reacting,denatured,chem,,,,,
thrusters,chem,catalyst,supported,inert,chem,matrix,decomposed,chem,,,,,,,
chem,molecules,,,,,,,,,,,,,,
description,invention,relates,process,producing,tert,chem,reacting,chem,water,presence,acidic,cation,exchange,,
chem,important,precursor,chem,derivatives,chem,,,,,,,,,,
chemical,process,developed,german,chemical,company,degussa,production,chem,presence,chem,catalyst,,,,
chem,hydrolyzed,esterase,activity,chem,,,,,,,,,,,
paraldehyde,first,synthesized,obtained,chem,either,chem,,,,,,,,,
chem,extremely,toxic,dangerously,unstable,liquid,smells,bit,,,,,,,,
depressant,choice,treatment,chem,ores,includes,starches,guar,different,acrylic,polymers,,,,,
particularly,preferred,process,variant,reaction,product,reaction,chem,comprises,chem,fractionated,distillation,chem,obtained,particular,
chem,analysis,lots,exciting,things,happening,trivedi,science,,,,,,,,
production,chem,plasma,jet,,,,,,,,,,,,
see,also,references,external,links,production,uses,edit,chem,produced,aldol,condensation,chem,cho,chcho,main
heated,catalytic,amounts,acid,depolymerizes,back,chem,since,paraldehyde,better,handling,characteristics,may,used,,
chem,samples,divided,two,parts,control,treatment,,,,,,,,,
naoh,nahso,second,production,method,involves,reacting,chem,elevated,temperatures,produce,chem,gas,,,
present,invention,provides,high,conversion,chem,water,chem,combined,high,throughput,rates,productivity,,,
flotation,commonly,used,method,beneficiation,pretreatment,oxidized,chem,minerals,extensive,investigations,conducted,flotation,chem,ores,
object,present,invention,discover,improved,denaturant,chem,denatured,way,advantageously,used,particular,process,preparing,,
chem,commercially,prepared,aldol,condensation,chem,,,,,,,,,,
kinetics,formation,chem,microwave,plasma,,,,,,,,,,,
however,isotopic,abundance,ratio,treated,chem,significantly,increased,respectively,compared,respective,control,,,,
chem,obtained,chem,reacts,chem,produce,chem,follows,,,,,,,,
chem,salt,formed,partial,neutralization,chem,equivalent,chem,,,,,,,,
practice,decomposition,products,admixed,chem,always,present,crude,aldol,usually,employed,preparation,,,,
method,synthesis,chem,comprising,reacting,chem,intially,excess,chem,heating,,,,,,
particularly,preferred,process,variant,reaction,product,reaction,chem,comprises,chem,fractionated,distillation,chem,obtained,particular,
industrially,chem,manufactured,esterification,chem,,,,,,,,,,,
mcmichael,carcinogenicity,chem,epidemiological,experimental,evidence,,,,,,,,,,
show,variant,molybdenum,chem,protein,labeled,photosensitizer,support,light,driven,six,,,,,
present,invention,provides,efficient,processes,production,chem,,,,,,,,,
chem,prepared,fermentation,chem,whereby,physiological,form,produced,,,,,,,,
results,gas,chromatography,showed,conversion,chem,selectivity,chem,,,,,,,,
chem,readily,removed,mixtures,containing,chem,using,extractive,,,,,,,,
chem,industrially,manufactured,following,four,processes,esterification,chem,,,,,,,,
lower,temperatures,pressures,used,cost,savings,thus,provided,chem,produced,higher,yields,provided,conventional,processes,
simplest,industrial,process,synthesizing,chem,pursuant,present,invention,involves,reacting,chem,excess,,,,
chem,via,several,chemical,pathways,chem,,,,,,,,,,
yield,chem,alternative,method,determining,completion,reaction,weigh,flask,,,,,,,
tranformation,chem,achieved,aid,enzymes,chem,oxidase,fermentation,certain,,,,,,,
sources,uses,hydrogen,cyanide,manufactured,oxidation,chem,mixtures,controlled,conditions,catalytic,decomposition,chem,,,
one,commercially,important,ways,manufacture,chem,catalytic,esterification,chem,,,,,,,
process,chem,obtained,product,production,chem,via,chem,presence,,,,,,,
although,processes,direct,production,chem,known,conventional,processes,may,typically,require,use,,,,
example,also,illustrates,oxidation,chem,use,chem,catalyst,,,,,,,,
chem,presence,vanadia,catalyst,oxidizes,form,chem,,,,,,,,,
oxidation,chem,oxidase,membrane,bioreactor,,,,,,,,,,,
chem,forms,chem,use,lower,boiling,azeotrope,one,,,,,,,,
process,chem,make,chem,,,,,,,,,,,,
high,temperatures,converted,chem,sulfide,carbothermal,reduction,acid,base,edit,chem,,,,,
regular,smart,chem,toggle,navigation,home,eurovanillin,pure,eurovanillin,expert,,,,,,
embodiments,chem,produced,process,may,act,solvent,,,,,,,,,
mixed,bases,toxic,irritating,chem,gas,given,high,heat,chem,chem,decomposes,,,,
chem,also,converted,gaseous,sulfur,chem,major,contributors,,,,,,,,
although,oxidation,chem,goes,partly,chem,mentioned,reason,better,use,,,,,,
invention,offers,advantage,rapid,highly,selective,formation,pure,chem,,,,,,,
however,even,presence,inhibitor,small,amounts,chem,dimer,chem,form,long,term,storage,,,
percent,chem,liquid,product,determined,using,specific,gravity,,,,,,,,
way,reduction,chem,increased,collected,molten,material,larger,proportion,chem,,,,,,
production,occurrence,edit,main,sources,chem,sulfate,naturally,occurring,gypsum,anhydrite,occur,many,,,
preparation,edit,chem,prepared,careful,decomposition,chem,results,chem,water,,,,,,
range,conditions,studied,rate,chem,oxidation,zero,order,chem,first,order,chem,,,,
chem,fractionally,distilled,unchanged,chem,,,,,,,,,,,
invention,accordingly,object,present,invention,provide,process,preparing,chem,alkali,metal,salts,thereof,chem,containing,gas
chem,produced,present,process,may,typically,processed,provide,,,,,,,,
preparation,chem,thermal,decomposition,chem,,,,,,,,,,,
summary,data,reported,evaluation,exposure,data,chem,produced,catalytic,dimerization,chem,,,,,
judicious,heating,gypsum,converts,partially,dehydrated,mineral,called,chem,sulfate,hemihydrate,calcined,gypsum,plaster,paris,material
preparation,chem,chlorination,chem,without,using,phosphorus,chem,device,,,,,,,
objective,research,establish,fundamental,kinetics,mechanism,oxidation,chem,catalysts,contain,chem,phase,solid,state,,
thus,chem,reduced,chem,sulfide,way,chem,converted,chem,,,,,,,
found,chem,made,react,chem,selective,manner,much,higher,,,,,,,
prior,present,invention,chem,produced,mainly,byproduct,processes,production,chem,quantities,,,,,
process,description,chem,produced,heating,chem,temperature,approx,,,,,,,,
chem,sulfate,gypsum,added,clay,soils,increases,already,,,,,,,,
accordance,invention,feed,comprising,chem,contacted,catalyst,comprising,least,one,copper,chem,,,,
glass,apparatus,preparation,chem,flask,charged,moles,chem,heated,oil,bath,,,,,
specifications,scr,processes,include,upper,limits,outlet,concentration,chem,corresponding,approximately,chem,conversion,,,
nozzles,situated,lateral,shallower,part,trough,form,gutter,chem,sulfide,resulting,reduction,chem,removed,,
chem,decomposed,process,give,mixture,chem,super,heated,,,,,,,,
chem,used,pregnancy,clearly,needed,,,,,,,,,,,
summary,invention,object,invention,provide,process,catalytically,chem,vch,high,selectivity,,,,,
method,leads,chem,conversion,yield,chem,form,chem,salt,,,,,,,
chem,produced,direct,heating,chem,chem,heating,process,,,,,,,,
chem,formed,boiling,point,liquid,flask,increases,oil,,,,,,,,
chem,used,chemical,analysis,reagent,dye,testing,printing,,,,,,,,
catalyst,able,suppress,oxidation,sulfur,chem,would,allow,lower,scr,operating,temperatures,without,,,
continuous,maternal,administration,chem,injection,pregnancy,beyond,days,cause,fetal,abnormalities,,,,,
process,manufacturing,chem,comprises,heating,chem,decomposition,temperature,presence,free,,,,,,
said,reaction,zone,subjected,fractional,distillation,separate,unconverted,chem,produced,chem,,,,,
lastly,european,patent,disclosure,discloses,preparation,alpha,chem,bismuth,catalyst,activated,charcoal,however,weight,ratio,
chem,springermaterials,menu,sign,log,home,search,elements,,,,,,,,
abstract,chem,rapidly,reduced,chem,half,lives,minutes,dissimilatory,,,,,,,
although,chem,yield,satisfactory,fact,amount,substrate,chem,remains,,,,,,,
oxidation,sulfur,chem,undesirable,selective,catalytic,reduction,scr,chem,found,,,,,,
congenital,rickets,associated,chem,infusion,tocolysis,,,,,,,,,,
process,manufacture,chem,comprises,heating,chem,decomposition,tem,perature,presence,,,,,,
large,scale,fermentation,one,known,method,making,chem,another,method,catalytic,based,chem,subjected,oxidation,
process,converting,chem,comprises,contacting,feed,comprising,chem,catalyst,comprising,,,,,,
chemical,producers,buyers,rely,kessler,chemical,chem,needs,,,,,,,,
abiotic,reduction,chem,dissimilatory,chem,reducing,enrichment,culture,pdf,download,,,,,,
preparation,chem,mixed,chem,added,stirring,temperature,controlled,plus,,,,,,,
products,heated,chem,contact,catalyst,,,,,,,,,,,
connection,general,processes,making,chem,decomposition,chem,temperatures,mentioned,art,temperatures,carry,,,,
effect,chem,treatment,neonatal,bone,abnormalities,,,,,,,,,,
particularly,preferred,embodiment,solution,comprising,least,one,chem,feed,stream,comprising,chem,concurrently,passed,bed,
infobox,references,chem,dcp,chlorinated,derivative,chem,molecular,formula,,,,,,,
previous,section,next,section,production,storage,chem,produced,commercially,heating,chem,,,,,
optimal,rate,conversion,reached,chem,converted,instance,extent,chem,,,,,,,
chem,obtained,arcos,organics,highest,available,purity,used,,,,,,,,
description,present,invention,relates,process,preparing,chem,,,,,,,,,
chemical,works,closely,leading,suppliers,offer,high,quality,chem,need,applications,,,,,
data,suggests,tungsten,chem,substantially,decreases,oxidation,sulfur,chem,,,,,,,
claim,wherein,said,solution,comprising,said,least,one,chem,said,feed,comprising,chem,concurrently,passed,bed
decomposes,chem,around,,,,,,,,,,,,,
example,chem,reacts,aqueous,chem,major,product,,,,,,,,,
introduction,background,present,invention,relates,process,making,chem,alkali,metal,chem,containing,gas,aqueous,alkaline,
chem,metabolized,chem,approximately,equal,amounts,added,substrate,,,,,,,,
however,small,amount,chem,converted,passed,fourth,bed,catalyst,resulting,gases,,,,,
description,background,invention,invention,relates,process,chem,presence,copper,compound,catalyst,,,,,
scrubber,unreacted,chem,together,entrained,chem,recovered,means,chem,circulated,,,,,,
chem,used,certain,processes,applications,pharmaceutical,industry,,,,,,,,,
example,chem,reacts,aqueous,chem,major,product,,,,,,,,,
described,procedure,would,allow,rapid,addition,highly,selective,chem,preparation,wherein,oxidations,prepared,chem,form,undesirable
sequence,following,steps,dehydrochlorination,dichloro,butene,presence,primary,chem,yield,chem,treatment,hcl,lime,order,liberate
chem,donor,inhibits,insulin,release,activates,atp,channels,,,,,,,,
preparation,edit,chem,prepared,reacting,chem,salt,usually,chem,,,,,,,
example,example,illustrates,use,aromatic,chem,catalyst,cyclodimerization,chem,vch,,,,,,
chem,prepared,chem,oxidation,,,,,,,,,,,,
manufacturing,procedure,chem,food,grade,raw,materials,pure,chem,gas,,,,,,
process,dehydrochlorinating,dichloro,butene,yield,chem,enichem,elastomeres,france,,,,,,,
effects,chem,lowering,blood,pressure,may,mediated,conversion,body,,,,,,,
removal,chem,prevents,formation,chem,thus,aleviates,need,,,,,,,,
chem,prepared,fermentation,chem,whereby,physiological,form,produced,,,,,,,,
chem,added,chem,heated,chem,produced,depending,ratio,,,,,,,,
although,oxidation,chem,goes,partly,chem,mentioned,reason,better,use,,,,,,
well,known,main,process,preparing,chem,consists,dehydrochlorinating,dichloro,butene,dcb,means,chem,,,
producing,liquid,air,directly,would,cheaper,producing,liquid,chem,separately,since,process,consumes,fifth,less,energy
proper,ion,exchange,exploitation,chem,low,solubility,occurs,level,many,times,lower,,,,
chem,may,prepared,several,methods,current,technical,importance,,,,,,,,
removal,chem,prevents,formation,chem,thus,aleviates,need,removal,,,,,,,
use,fluidized,bed,reactor,chem,selective,catalyst,could,increase,production,chem,per,,,,
chem,produced,directly,chem,oxidation,hydrogenation,chem,,,,,,,,,
oxidative,diamination,chem,synthesis,chem,complete,regioselectivity,achieved,mild,aerobic,,,,,,
description,present,invention,relates,process,preparing,chem,,,,,,,,,
several,routes,exist,synthesizing,chem,,,,,,,,,,,
creating,chem,created,industrial,process,solution,chem,processed,,,,,,,,
production,chem,electroreduction,chem,described,janssen,electrochimica,acta,vol,,,,,,,
chem,produced,via,established,chem,react,presence,water,,,,,,,,
cui,catalyzed,aerobic,oxidative,synthesis,chem,compatible,broad,range,functional,groups,,,,,
chem,prices,market,determined,controlled,process,design,optimization,,,,,,,,
reason,instead,chem,stay,suggested,starting,materials,synthesis,chem,,,,,,,
chem,adulterated,chem,odor,indistinguishable,lignin,chem,,,,,,,,,
far,common,chem,experimentally,chem,tested,animal,fattening,agent,,,,,,,
chem,prepared,dehydrochlorinating,dichloro,butene,aqueous,alkaline,solution,,,,,,,,
method,making,chem,comprises,contacting,elemental,chem,liquid,phthalic,chem,,,,,,
fixed,bed,reactor,thus,provide,highest,possible,conversion,chem,greatest,selectivity,chem,,,,
process,producing,chem,including,reacting,excess,chem,aqueous,acidic,media,,,,,,
codex,established,mrl,chem,,,,,,,,,,,,
separation,chem,oxidation,product,separated,chem,whereas,chem,used,,,,,,,
chem,still,made,lignin,wastes,synthetic,chem,today,,,,,,,,
types,chem,,,,,,,,,,,,,,
production,chem,produced,three,steps,chem,chlorination,isomerization,part,,,,,,,
conversion,maintained,last,percent,chlorination,dilution,reaction,mass,chem,causes,conversion,fall,,,,
introduction,study,aqueous,chem,solutions,explored,recovery,specific,organic,compounds,two,,,,,
microbial,organism,biosynthetic,capability,catalyze,required,reactions,confer,chem,biosynthetic,capability,,,,,
reaction,chem,,,,,,,,,,,,,,
described,use,process,make,chem,apparent,also,suitable,making,lower,chlorinated,derivatives,,,,
present,invention,relates,oxidation,chem,,,,,,,,,,,
nucleic,acids,introduced,confer,example,chem,biosynthetic,pathway,onto,microbial,organism,,,,,
amongst,processes,produce,chem,chlorination,chem,example,chlorination,chem,,,,,,,
mixture,chem,products,thus,obtained,,,,,,,,,,,
purication,product,melting,point,acidity,number,equivalent,percent,chem,,,,,,,
chem,pathway,includes,chem,coa,thiolase,chem,decarboxylase,,,,,,,,
escaping,chem,gas,washed,water,order,separate,hydrochloric,chem,,,,,,,
chem,feed,passes,two,fixed,bed,reactors,packed,,,,,,,,
reduction,chem,,,,,,,,,,,,,,
proposing,minor,revisions,tolerance,expressions,specific,tolerance,nomenclatures,chem,,,,,,,
however,unlike,chem,synthesized,lignin,guaiacol,labeled,natural,flavoring,,,,,,,
process,conducted,manner,produce,appreciable,quantities,chem,readily,separated,products,reaction,since,higher,boiling,,
found,chem,may,oxidized,liquid,phase,certain,specific,conditions,,,,,,,
one,procedure,includes,example,fermentation,microbial,organism,produces,chem,pathway,intermediate,,,,,
hzsm,zeolite,catalyst,shown,operate,relatively,low,temperature,chem,conversion,selectivity,chem,,,,
metabolites,degradates,epa,proposing,minor,revisions,tolerance,expressions,chem,,,,,,,
chem,crystals,extracted,vanilla,extract,lignin,based,artificial,,,,,,,,
specializes,chem,,,,,,,,,,,,,,
produced,largest,concentration,chem,minute,reaction,time,chem,,,,,,,,
process,production,chem,comprises,oxidizing,liquid,chem,mixture,gaseous,chem,,,,,,
chem,dictionary,com,dictionary,com,word,day,translate,,,,,,,,
chem,producing,microbial,organisms,invention,initiate,synthesis,intermediate,,,,,,,,
summary,proposed,process,yields,chemical,grade,chem,via,catalytic,dehydration,chem,,,,,
tolerances,use,sites,pistachios,pine,nuts,cfr,residues,chem,pistachio,ppm,nut,pine,ppm,cfr,residues
produce,chem,,,,,,,,,,,,,,
surprisingly,found,superior,yields,chem,produced,chem,reacted,chem,aqueous,acidic,media,,,,
karl,reimer,synthesized,chem,,,,,,,,,,,,
widely,used,industrial,process,preparation,chem,consists,chlorinating,chem,mixture,chem,saponified,,,,
top,outlet,stream,consists,chem,fed,bottom,tray,absorption,column,removes,fraction,,,,
conditions,conversions,chem,expected,main,product,chem,,,,,,,,,
compliance,tolerance,levels,specified,paragraph,determined,measuring,chem,isomer,chem,calculated,stoichiometric,equivalent,chem,results,
described,herein,one,exemplary,growth,condition,achieving,biosynthesis,chem,includes,anaerobic,culture,fermentation,conditions,,
today,artificial,chem,made,either,guaiacol,lignin,,,,,,,,,
among,chem,tetrahydrate,ptt,produced,resulting,controlled,reac,tion,,,,,,,
process,producing,chem,including,reacting,excess,chem,aqueous,acidic,media,,,,,,
primary,route,chem,metabolism,hydroxylation,chem,members,cytochrome,cyp,superfamily,,,,,,
morschbacker,bio,chem,based,chem,,,,,,,,,,,
embodiments,solvent,may,chem,produced,process,,,,,,,,,,
identified,chem,residue,formed,foods,fumigated,chem,,,,,,,,,
materials,lignin,process,longer,popular,environmental,concerns,today,chem,produced,petrochemical,raw,material,guaiacol,,
yet,embodiments,present,invention,provides,methods,producing,chem,via,culturing,non,naturally,occurring,microbial,organism,
process,described,article,manufacture,chem,catalytic,reduction,chem,appearing,chem,,,,,,
chem,trigenic,references,periodicals,archive,,,,,,,,,,,
first,four,seem,involved,hydroxylation,chem,,,,,,,,,,
chem,formation,catalytic,dehydration,chem,industrial,considerations,,,,,,,,,
partially,chlorinated,methanes,catalyzed,free,radical,catalyst,provide,chem,,,,,,,
understood,microbial,organisms,invention,cultured,conditions,sufficient,produce,chem,,,,,,,
produced,mainly,dehydrochlorination,chem,,,,,,,,,,,,
introduction,syntheses,chem,depended,largely,upon,direct,addition,carbon,atom,,,,,,
summary,invention,accordance,invention,provided,improved,process,producing,chem,including,reacting,excess,chem,aqueous,acidic,media
chem,friedrich,hler,fulminic,chem,hler,friedrich,encyclopedia,,,,,,,,
chem,metabolized,excreted,chem,,,,,,,,,,,,
chem,produced,bioethanol,via,catalytic,dehydration,chem,catalyst,,,,,,,,
chem,pathway,includes,ketothiolase,ketovalerate,decarboxylase,chem,reductase,,,,,,,,
specific,example,might,involve,process,wherein,feedstream,chem,reacted,chem,presence,less,mole,one,catalysts,
synthesis,chem,hive,methods,discourse,rhodium,chief,bee,synthesis,,,,,,,
,,,,,,,,,,,,,,,
chemical,engineering,science,volume,issue,pages,synthesis,chem,modeling,distillation,chemical,reaction,unit,author,links,
described,international,bibliography,patent,literature,last,years,production,chem,including,chemical,electrochemical,catalysis,enzymatic,biocatalysis,free
bed,reactors,alternating,fired,heaters,used,dehydration,reaction,chem,,,,,,,
report,preparation,chem,electrochemical,catalyzed,oxidation,chem,detected,spectrum,gas,,,,,,
proudly,produce,chem,north,america,baton,rouge,louisiana,europe,lyon,,,,,,
nucleic,acids,encoding,one,enzymes,proteins,participating,one,chem,biosynthetic,pathways,,,,,
organic,liquid,product,reactor,comprising,chem,sent,separation,column,provides,overhead,stream,comprising,,,
problem,usually,either,separation,removal,chem,mixtures,thereof,substances,especially,sugars,fructose,preparation,,,
connection,experiments,studied,kinetics,degradation,chem,obtain,quantitative,description,process,,,,,,
synthesis,chem,synthesis,chem,synthesis,chem,indirect,electrochemical,catalyzed,,,,,,,
although,chief,uses,preparation,chem,also,used,disinfectant,refrigerant,bleach,food,preservative,,,,
production,chem,,,,,,,,,,,,,,
embodiments,chem,pathways,include,chem,coa,thiolase,chem,decarboxylase,,,,,,,
catalase,added,described,god,catalase,preparation,minutes,conversion,chem,minutes,,,,,,
field,present,invention,relates,processes,production,chem,,,,,,,,,
analysis,method,well,suited,simultaneous,convenient,analysis,chem,,,,,,,,
letter,yahoo,write,thesis,statement,literary,analysis,synthesis,chem,produced,directly,chem,oxidation,,,
keywords,chem,fluidized,bed,reactor,chem,pyrolysis,,,,,,,,,
sulfur,chem,gas,produce,chem,,,,,,,,,,,
commercial,ripening,rooms,use,catalytic,generators,make,chem,gas,liquid,supply,chem,,,,
culture,conditions,described,herein,scaled,grown,continuously,manufacturing,chem,,,,,,,
repeated,use,described,god,catalase,preparation,minutes,minutes,chem,converted,chem,,,,,
chem,important,raw,material,desirably,utilized,production,chem,,,,,,,,
common,sources,synthetic,production,chem,include,lignins,ferulic,chem,popular,method,synthesis,,,,
results,gas,chromatography,showed,conversion,chem,selectivity,chem,,,,,,,,
reactor,prepared,chem,quantitative,yield,,,,,,,,,,,
process,conversion,chem,enzymatic,oxidation,presence,chem,aqueous,solution,process,,,,,,
reaction,chem,,,,,,,,,,,,,,
literature,review,chem,research,development,details,major,steps,process,technologies,,,,,,
example,biosynthesis,chem,accomplished,constructing,microbial,organism,contains,biosynthetic,pathways,,,,,,
since,present,invention,provides,improved,process,production,chem,contemplated,improvements,provided,carry,forward,provide,improvements,
chem,still,made,lignin,wastes,today,synthetic,chem,,,,,,,,
connection,experiments,studied,kinetics,degradation,chem,obtain,quantitative,description,process,,,,,,
organism,invention,generated,host,contains,enzymatic,capability,synthesize,chem,,,,,,,
results,gas,chromatography,showed,conversion,chem,selectivity,chem,,,,,,,,
chem,made,react,chem,make,chem,,,,,,,,,,
conversion,chem,great,interest,many,technical,purposes,,,,,,,,,
project,broken,based,producing,high,quality,substrates,chem,,,,,,,,
karl,reimer,synthesized,chem,,,,,,,,,,,,
,,,,,,,,,,,,,,,
descrizione,invention,relates,manufacture,chem,,,,,,,,,,,
chem,laughing,gas,commonly,made,thermal,decomposition,chem,,,,,,,,
results,gas,chromatography,showed,conversion,chem,selectivity,chem,,,,,,,,
gcse,chemistry,reaction,sulfur,chem,make,chem,contact,process,make,chem,gcse,,,,
process,chem,broad,development,prospects,,,,,,,,,,,
modern,method,reacts,guaiacol,obtained,chem,produced,today,,,,,,,,
advantages,provided,present,processes,may,carried,forward,utilizing,chem,produce,downstream,products,chem,,,
description,present,invention,concerned,process,conversion,chem,presence,catalyst,,,,,,,
found,unexpectedly,catalyzed,thermal,decomposition,chem,mixture,products,virtually,exclusively,chem,formed,chem,,,
way,cream,chargers,used,joseph,priestley,first,created,chem,heating,chem,high,degree,chamber,chem,filings
chem,via,dehydration,,,,,,,,,,,,,
chem,,,,,,,,,,,,,,,
compared,process,chem,dehydration,chem,economically,feasible,,,,,,,,,
thus,according,present,invention,provided,process,conversion,chem,oxidation,chem,aqueous,solution,process,comprises,passing,
synthesis,chem,derived,guaiacol,therefore,basis,large,scale,industrial,,,,,,,
bottom,stream,separation,column,comprising,chem,heavier,byproducts,provided,separation,column,,,,,
manner,described,chem,recovered,good,yields,,,,,,,,,,
projects,edit,make,chem,synthesis,chem,make,chem,laughing,gas,safety,,,,,
chem,converted,chem,conditions,,,,,,,,,,,,
stream,contains,chem,along,several,byproducts,water,unreacted,chem,,,,,,,
comparison,known,chemical,processes,conversion,chem,separation,chem,aqueous,solutions,containing,process,according,,,
method,selectively,removing,chem,gas,stream,comprises,contacting,said,gas,stream,,,,,
edu,abstract,article,date,review,literature,available,subject,chem,,,,,,,
chem,however,labeled,natural,flavoring,synthesis,chem,derived,,,,,,,,
projects,edit,chem,synthesis,make,pvc,safety,edit,chem,toxic,,,,,,
chem,turn,undergoes,addition,reactions,hydrogen,addition,reform,,,,,,,,
common,also,able,find,several,examples,plants,produce,chem,starting,feed,tsao,cameron,intratec,solutions,
chem,windows,universe,beginner,intermediate,advanced,become,member,,,,,,,,
chem,triggers,acetylation,dependent,degradation,chem,synthetase,via,,,,,,,,
antidotes,chem,administered,intravenously,soon,possible,block,conversion,chem,,,,,,,
profile,oil,based,flavoring,difference,due,presence,wiki,chem,lignin,derived,product,impurity,found,chem,synthesized
chem,synthesized,chem,,,,,,,,,,,,,
one,commercially,important,ways,manufacture,chem,catalytic,esterification,chem,,,,,,,
treatment,either,chem,isomer,chem,solution,koh,generates,chem,elimination,,,,,,
method,currently,used,chem,drug,substance,products,thin,layer,chromatography,tlc,,,,,
yield,chem,mentioned,previously,approaches,percent,,,,,,,,,,
chem,bisulfite,prepared,bubbling,chem,gas,carbonated,water,,,,,,,,
also,formed,chem,general,proportions,reaction,liquor,increased,proportion,formaldehyde,,,,,,
intensity,around,compared,standard,chem,,,,,,,,,,,
linearity,chem,respect,nominal,concentration,chem,sample,,,,,,,,,
chem,produced,either,catalyzed,reaction,chem,,,,,,,,,,
use,strong,base,chem,,,,,,,,,,,,
conversion,chem,takes,place,train,catalytic,fixed,bed,reactors,,,,,,,
surprisingly,treatment,discharged,purge,stream,chem,result,commercially,viable,chem,bisulfite,product,,,,
synthesis,chem,involves,reaction,four,moles,chem,,,,,,,,,
thus,esterification,chem,water,rectification,mixture,three,binary,ternary,azeotrope,,,,,,
hand,weight,tishchenko,reaction,hydroxypivaldehydes,occurs,resulting,chem,product,unsuitable,practical,use,,,,
therefore,chem,monitored,chem,drug,substance,pharmaceutical,dosage,forms,,,,,,,
general,description,chem,one,volatile,components,obtained,analysis,anal,sac,,,,,,
maintained,dehydration,reaction,conditions,hereinabove,described,effect,dehydration,chem,,,,,,,
chem,bisulfite,nahso,prepared,reacting,chem,gas,solution,,,,,,,,
block,blocks,comprising,chem,block,optionally,represent,total,preferably,weight,particular,,,,,
summary,invention,result,investigations,overcome,problems,encountered,production,chem,found,three,component,catalyst,exhibits,excellent,performance
alternative,quantitative,chromatographic,techniques,potential,replacements,tlc,quantitating,chem,drug,substance,products,,,,
one,important,chemical,chem,obtained,used,making,chem,synthesis,tdi,mdi,,,,,
reaction,chem,deuterium,atoms,monodeuterated,chem,observed,photo,ionizing,,,,,,,
conventional,process,converting,chem,conversion,effected,reactor,containing,long,parallel,vertical,,,,,
preferably,block,comprising,chem,set,blocks,one,number,average,molecular,weight,,,,,
total,yield,chem,thus,obtained,amounted,parts,yield,based,chem,,,,,,
cooling,purge,stream,advantageous,filtering,undesirable,particulates,increasing,chem,concentration,improve,chem,bisulfite,production,,
newly,developed,hplc,method,used,determine,chem,drug,substances,products,,,,,,
chem,considered,produced,via,chemically,activated,chem,basis,,,,,,,,
object,present,invention,provide,new,improved,process,producing,chem,,,,,,,
particularly,concerned,improved,method,recovering,chem,crude,reaction,mixture,chem,,,,,,
present,invention,catalyst,dispersed,suspended,aqueous,solution,containing,chem,starting,material,presence,hydrogen,aqueous,solution,containing
using,pilot,apparatus,recirculating,chem,sulfite,purge,solution,treated,chem,convert,chem,,,,
recovery,chem,three,concentration,levels,found,placebo,spiked,chem,,,,,,,
method,selectively,removing,chem,gas,stream,comprises,contacting,said,gas,stream,,,,,
also,found,anderson,burnstein,minor,amounts,two,compounds,chem,,,,,,,
photolysis,chem,steer,knight,canadian,journal,chemistry,abstract,photolysis,,,,,,,
chem,today,petroleum,based,baskrem,process,returns,roots,,,,,,,,
chem,prepared,according,different,procedures,described,art,condensation,,,,,,,,
chem,molecule,synthetic,derivative,chem,undergo,hydrolysis,physiologic,,,,,,,,
sulfite,containing,ingredients,look,food,labels,include,chem,sulfites,implicated,cause,asthma,symptoms,may,range,
chem,produced,either,catalyzed,reaction,chem,,,,,,,,,,
chem,concentration,less,weight,difficult,separate,chem,formed,,,,,,,,
generating,chem,essentially,dehydration,process,using,catalyst,heat,,,,,,,,
chem,intermediate,primarily,decomposes,form,chem,also,undergoes,,,,,,,,
step,preparation,acetyl,chem,mole,containing,chem,stirred,room,temperature,hours,,,,,
following,pie,chart,shows,world,consumption,chem,production,chem,bases,chem,accounted,respectively,global,,
commonly,chem,bisulfite,made,reacting,chem,gas,solution,containing,,,,,,,
description,present,invention,relates,process,preparing,chem,reaction,chem,,,,,,,
chem,project,built,upon,highly,developed,brazilian,sugar,,,,,,,,
process,according,claim,wherein,cyclization,chem,carried,aprotic,chlorinated,solvents,,,,,,
simple,commonly,used,method,preparation,chem,laboratory,acidic,esterification,chem,catalyst,references,edit,,,
object,present,invention,provide,process,producing,chem,high,conversion,high,selectivity,,,,,
,,,,,,,,,,,,,,,
company,largest,industrial,consumer,chem,absorbing,around,million,liters,per,year,production,,,,
caustic,soda,reacts,dissolved,chem,preferably,coming,crystallizer,feed,produce,chem,bisulfite,,,,
object,present,invention,provide,process,direct,synthesis,chem,proceeds,way,product,easily,separated,reaction,mixture,
process,involves,reacting,pthaloylating,agent,claims,phthalic,chem,give,chem,direct,conversion,chem,addition,condensing,
experiment,preparing,chem,plastic,pipette,water,bath,,,,,,,,,
examples,comparative,examples,chem,abbreviated,hpa,npg,iba,chem,hpne,respectively,,,,,
methane,stored,fuel,water,side,product,electrolyzed,yielding,chem,liquefied,stored,oxidizer,hydrogen,recycled,back,reactor
product,overview,chem,definition,major,end,use,segments,chem,others,,,,,,
yield,per,pass,scheme,feeding,crystallizer,near,saturated,chem,bisulfite,solution,without,dissolved,chem,,
chem,administered,renal,failure,present,dialysis,method,removal,,,,,,,,
embodiment,process,preparing,chem,reaction,chem,takes,place,presence,catalyst,chem,,,,,
practice,solution,chem,used,starting,material,,,,,,,,,,
example,preparation,chem,using,cdt,cyclising,reagent,dry,three,necked,,,,,,
experiment,isolate,product,chem,unreacted,chem,,,,,,,,,,
intravenous,administration,chem,described,table,continued,chem,levels,reduced,per,,,,,,
resultant,feed,liquor,introduced,line,absorber,sulfur,chem,introduced,forms,reaction,liquor,containing,chem,bisulfite,
half,input,hydrogen,becomes,wasted,methane,additional,hydrogen,supplied,earth,make,difference,,,,
tollens,reaction,chem,gives,chem,,,,,,,,,,,
production,chem,using,chem,abbott,laboratories,login,sign,search,,,,,,,
preparation,chem,cyclization,chem,king,,,,,,,,,,,
,,,,,,,,,,,,,,,
laboratory,testing,chem,toxicities,,,,,,,,,,,,
esterification,chem,essay,words,studymode,premium,free,essays,term,,,,,,,
found,object,achieved,process,preparing,chem,reaction,chem,presence,least,one,catalyst,chem,,,
making,chem,step,reaction,common,precursor,easy,need,chem,,,,,,,
chemical,industry,chem,raw,material,manufacture,chem,freons,compounds,containing,,,,,,
chem,bisulfite,works,releasing,chem,gas,inhibits,bacterial,,,,,,,,
application,two,methods,together,active,chem,showed,chem,formed,readily,less,risk,racemization,,,
pathophysiology,clinical,manifestations,illustrative,case,diagnosis,treatment,references,chem,produces,cns,depression,similar,chem,,
field,invention,present,invention,relates,process,producing,chem,,,,,,,,
chem,image,source,pubchem,health,concerns,ingredient,overall,,,,,,,,
,,,,,,,,,,,,,,,
chem,synthesised,chem,liquid,reaction,phase,aid,alkaline,,,,,,,,
chem,synthesized,commercially,distillation,bituminous,coal,heating,mixture,,,,,,,,
antidotes,chem,,,,,,,,,,,,,,
therefore,impossible,produce,chem,water,mixtures,rectification,lower,boiling,ternary,azeotrope,,,,,
mentioned,process,producing,chem,variety,catalysts,proposed,,,,,,,,,
chem,bisulfite,releases,chem,gas,presence,water,killing,,,,,,,,
chem,isomers,obtained,high,yields,treating,optical,isomers,,,,,,,,
comprises,integrated,organic,chemical,complex,distillery,manufacture,industrial,chem,molasses,used,manufacture,several,products,chem,bio
high,chem,yields,obtained,processing,method,used,adapted,catalyst,,,,,,,
method,preparing,chem,comprising,reacting,chem,dihalo,compound,group,consisting,,,,,,
traditional,treatment,chem,consists,chem,hemodialysis,,,,,,,,,,
causes,tischenko,reaction,take,place,hydroxypivaldehydes,resulting,product,chem,advantageous,industrial,use,,,,
two,ways,making,chem,technically,use,chlorination,chem,reaction,chem,,,,,,
usually,mole,ratio,chem,compound,within,range,preferred,range,since,within,,,,,
chem,bisulfite,prepared,bubbling,chem,solution,chem,water,,,,,,,,
chem,readily,removed,mixtures,containing,chem,water,using,,,,,,,,
main,use,chem,oxidation,,,,,,,,,,,,
chem,metabolized,enzyme,chem,dehydrogenase,,,,,,,,,,,
estimated,figures,presented,world,meteorological,organization,wmo,chem,contributes,approximately,total,equivalent,effective,stratospheric,chem,
present,invention,relates,process,producing,chem,presence,catalyst,comprising,copper,chem,presence,least,,,
however,industrial,use,chem,produced,synthetically,connecting,chem,,,,,,,,
creates,intermediate,chem,either,excess,chem,catalytic,hydrogenation,chem,group,,,,,,
one,commercially,important,ways,manufacture,chem,catalytic,esterification,chem,,,,,,,
main,derivatives,chem,used,production,synthetic,resins,paint,industry,chem,,,,,,
method,comprising,reacting,chem,dihalo,compound,group,consisting,chem,presence,solvent,,,,,
chem,produced,mainly,oxyhydrochlorination,perchlorination,dehydrochlorination,chem,fuller,,,,,,,,
accordance,another,process,hydroxypivaldehyde,obtained,reaction,chem,hydrogenated,presence,catalyst,thereby,produce,objective,chem,,
claim,contribution,chem,stratospheric,chem,budget,significant,,,,,,,,,
,,,,,,,,,,,,,,,
separated,two,phases,upper,phase,organic,contained,mainly,chem,water,lower,phase,mainly,water,,
chem,formerly,used,manufacture,chem,currently,extensive,use,,,,,,,,
method,preparing,chem,comprising,reacting,chem,dihalo,compound,group,consisting,,,,,,
limited,availability,raw,materials,chem,due,overlapping,commercial,applications,expected,inhibit,growth,,,,
selectivity,byproducts,mole,percent,chem,polymerizates,respectively,,,,,,,,,
according,process,producing,chem,sufficient,catalytic,activity,selectivity,exhibited,stable,long,,,,,
another,object,invention,provide,continuous,new,process,manufacture,chem,require,separation,intermediate,chem,,,
certain,amount,chem,reaches,strato,sphere,photodissociation,generates,chem,radi,,,,,,
preparation,edit,chem,synthesized,via,fischer,esterification,chem,presence,catalytic,,,,,,
chem,mainly,used,manufacture,chem,yeast,mold,inhibitor,,,,,,,,
acid,conditions,solution,produced,high,chem,concentration,also,contain,dissolved,gaseous,chem,corrosive,,,
intermediate,chemical,hydroxypivaldehyde,subjected,catalytic,dehydrogenation,convert,chem,group,chem,group,obtain,chem,,,
invention,relates,preparation,chem,reaction,dichl,chem,corresponding,dibromo,compound,chem,,,,,
autoclave,system,chem,reduced,produce,chem,,,,,,,,,,
however,estimated,figures,presented,wmo,chem,contributes,approximately,ppb,total,ppb,equivalent,effective,,,
chem,applications,direct,solvent,chem,expected,show,high,,,,,,,,
would,synthesize,chem,,,,,,,,,,,,,
chem,key,raw,material,manufacturing,chem,growing,demand,,,,,,,,
disassociation,curve,illustrates,relationship,chemical,forms,chem,graph,indicates,significant,change,ratio,hypochlorous,acid,,
mentioned,process,producing,chem,variety,catalysts,proposed,,,,,,,,,
possible,role,chem,toxicant,nephrotoxicity,chem,related,chem,depleted,mice,,,,,,
chem,added,water,forms,creates,hypochlorous,acid,,,,,,,,,
tropospheric,reactive,chem,burden,approximately,tonnes,chem,,,,,,,,,
process,flow,diagram,depicts,production,chem,ether,hydration,fresh,olefinic,feedstock,stream,introduced,,,
chem,used,majorly,used,raw,material,preparation,chem,,,,,,,,
one,method,reducing,chem,hydrogenation,presence,raney,nickel,catalyst,,,,,,,
work,production,chem,dilute,chem,investigated,using,commercial,aspen,plus,,,,,,
known,toxicity,thiono,sulfur,compounds,led,hypothesis,nephrotoxic,chem,lack,substituents,would,undergo,microsomal,epoxidation,double
new,production,method,hydrogenation,production,chem,process,wherein,chem,condensed,presence,alkali,catalyst,,,
simplest,chlorinated,chem,chem,consists,one,atom,carbon,three,chem,,,,,,
would,synthesize,chem,,,,,,,,,,,,,
aqueous,solution,hypochlorous,acid,amounts,provide,water,free,chem,residual,least,ppm,,,,
chem,made,chem,,,,,,,,,,,,,
process,production,chem,consists,aldol,condensation,chem,presence,basic,aldol,,,,,,
lipase,preparation,rhizopus,oryzae,used,catalyze,esterification,reaction,chem,pineapple,flavor,,,,,
process,producing,chem,derivative,according,claim,wherein,reacting,chem,added,,,,,,
chem,begin,partially,decompose,chem,together,traces,hydrogen,,,,,,,,
chem,used,primarily,manufacture,chem,organic,chemicals,,,,,,,,,
creates,intermediate,chem,either,excess,chem,catalytic,hydrogenation,chem,group,,,,,,
water,treatment,plants,introduce,chem,gas,stream,water,provide,adequate,mixing,prior,,,,
compatible,wide,variety,hazardous,volatile,toxic,corrosive,gases,chem,helium,many,,,,,
process,production,chem,comprises,passing,gaseous,mixture,comprising,one,part,,,,,,
specifically,invention,relates,improved,process,removing,chem,formed,intermediate,preparation,chem,,,,,
object,present,invention,provide,process,direct,synthesis,chem,proceeds,way,product,easily,separated,reaction,mixture,
invention,particularly,useful,making,chem,selectivity,aldehyde,decompose,hydrogenation,conditions,invention,,,,,
preparation,edit,chem,prepared,commercially,reaction,chem,gas,acidic,solid,,,,,,
chem,also,known,tea,reactionary,byproduct,two,toxic,,,,,,,,
chem,food,preservative,chem,precursor,chem,prepared,chem,,,,,,,,
provided,process,producing,novel,chem,derivative,represented,general,formula,characterized,adding,strong,,,,
object,present,invention,provide,process,producing,chem,high,conversion,high,selectivity,,,,,
according,present,invention,however,shown,ratios,diflerent,chem,found,reaction,chem,may,regulated,within,certain,
chem,generally,prepared,raw,materials,chem,,,,,,,,,,
dow,process,chem,regenerated,chem,using,chem,hcl,mgcl,also,,,,,,
synthesis,chem,however,seldom,reported,needs,explored,detail,,,,,,,,
example,excess,chem,used,reaction,product,consists,mainly,monoethanolamine,whereas,,,,,,
conversion,hydroxypivaldehyde,providing,selectivity,chem,desired,chem,product,,,,,,,,
practice,solution,chem,used,starting,material,,,,,,,,,,
phosphorus,trichloride,gas,chem,gas,react,form,chem,gas,,,,,,,
embodiment,process,preparing,chem,reaction,chem,takes,place,presence,catalyst,chem,,,,,
process,production,chem,steps,comprise,passing,mixture,chem,molecular,excess,,,,,,
therefore,method,synthesis,chem,make,defect,chem,,,,,,,,,
chem,produced,tishchenko,reaction,hydroxypivaldehyde,presence,basic,catalyst,,,,,,,,
esterification,quaternization,esterification,fatty,chem,adduct,may,carried,methods,known,per,,,,,
catalyst,system,applied,catalyze,synthesis,chem,found,transition,metal,oxide,supported,alkali,metal,,,
phosphorus,trichloride,gas,chem,gas,react,formphosphorus,chem,gas,,,,,,,
chem,reacts,chem,produce,chem,water,,,,,,,,,,
process,preparing,chem,reaction,chem,presence,least,one,catalyst,least,,,,,,
object,present,invention,provide,process,producing,chem,high,conversion,high,selectivity,,,,,
applications,isobutyraldehyde,used,intermediate,preparation,chem,,,,,,,,,,
past,chem,prepared,synthetically,number,different,methods,among,process,,,,,,,
principle,product,chem,secondary,products,chem,produced,since,chem,reactive,,,,,,
regard,places,natural,gas,lacking,especially,route,synthesis,chem,would,attractive,promising,,,,
chemicals,wiley,interscience,material,requirements,basis,metric,ton,chem,made,direct,union,elements,exothermic,spontaneous,reaction
process,producing,chem,presence,catalyst,comprising,copper,chem,,,,,,,,
start,product,search,products,chem,chem,chem,magnesite,raw,magnesite,chem,compounds,,,,
chem,produced,tishchenko,reaction,hydroxypivaldehyde,presence,basic,catalyst,,,,,,,,
found,object,achieved,process,preparing,chem,reaction,chem,presence,least,one,catalyst,chem,,,
chem,produced,reacting,chem,aqueous,chem,reaction,also,,,,,,,,
process,production,chem,comprises,passing,gaseous,mixture,comprising,one,part,,,,,,
made,present,inventors,solve,mentioned,problems,process,producing,chem,found,catalyst,comprising,copper,chem,completely,different
preparation,chem,prepared,commercially,reaction,chem,gas,acidic,solid,,,,,,,
present,invention,relates,process,preparing,chem,reaction,chem,,,,,,,,
chem,produced,reacting,yellow,phosphorus,chem,,,,,,,,,,
chem,produced,tishchenko,reaction,hydroxypivaldehyde,presence,basic,catalyst,,,,,,,,
chem,long,produced,chem,containing,brines,various,processes,,,,,,,,
accordance,another,process,hydroxypivaldehyde,obtained,reaction,chem,hydrogenated,presence,catalyst,thereby,produce,objective,chem,,
principle,product,chem,secondary,products,chem,produced,since,chem,reactive,,,,,,
process,production,chem,comprises,passing,gaseous,mixture,comprising,one,part,,,,,,
found,two,distinct,potential,minima,chem,one,transition,structure,chem,dimer,,,,,
reaction,chem,proceeds,according,following,simplified,reaction,scheme,novel,,,,,,,
according,process,producing,chem,sufficient,catalytic,activity,selectivity,exhibited,stable,long,,,,,
phosphorus,trichloride,gas,chem,gas,react,form,chem,,,,,,,,
procedure,converts,substantially,remaining,chem,chem,forms,chem,excess,chem,converted,chem,,,,
extensive,investigations,shown,present,time,possible,react,chem,obtain,monomethyl,chem,claimed,prior,workers,,
accordance,process,present,invention,production,chem,sufficiently,high,catalytic,activity,selectivity,exhibited,long,,,
microchannel,reactor,chem,conversion,chem,yield,appear,higher,due,efficient,,,,,,
present,article,report,study,chem,dimers,using,density,functional,theory,initio,methods,,,,
preparation,phosphorus,trichloride,prepared,industrially,reaction,chem,refluxing,solution,white,chem,continuous,removal,pcl,,
invention,relates,method,producing,chem,solution,chem,solution,treating,latter,chem,,,,,
abstract,chem,synthesis,chem,continuous,flow,microchannel,reactor,studied,,,,,,,
june,process,producing,chem,abstract,process,production,chem,presence,catalyst,,,,,,
chem,important,precursor,chem,derivatives,chem,,,,,,,,,,
chem,triggers,acetylation,dependent,degradation,chem,synthetase,via,,,,,,,,
description,present,invention,relates,process,separating,chem,continuously,distillation,mixture,chem,together,chem,water,,
present,invention,relates,process,producing,chem,presence,catalyst,,,,,,,,
action,hydrochloric,chem,produces,chem,mgcl,colourless,deliquescent,water,absorbing,,,,,,
process,production,chem,comprises,passing,chem,molecular,excess,chem,temperatures,,,,,,
manufacture,chem,known,many,years,stated,paragraph,based,reaction,,,,,,,
method,according,invention,carried,follows,firstly,example,accordance,chem,mixture,comprising,main,components,monoethanolamine,mea,diethanolamion
accordance,another,method,hydroxypivaldehyde,obtained,reaction,chem,hydrogenated,presence,catalyst,thereby,produce,desired,chem,,
process,preparation,chem,single,reactor,comprising,reaction,chem,phthaloylating,agent,,,,,,
manufacture,applications,chem,,,,,,,,,,,,,
found,use,chem,allows,prepare,chem,single,reactor,,,,,,,,
method,purifying,chem,prepared,reacting,aqueous,chem,liquid,phase,pressure,,,,,,
process,producing,chem,dimer,thereof,formula,temperature,degree,,,,,,,,
deta,byproduct,production,chem,,,,,,,,,,,,
although,many,manufacturers,switched,use,efficiently,metabolized,npns,chem,use,animal,feeds,persisted,particularly,china,manufacturers
colorless,apha,color,number,less,equal,color,stable,chem,aqueous,chem,,,,,
preparation,chem,cyclization,chem,king,,,,,,,,,,,
react,chem,get,chem,reacted,chem,according,patent,yield,,,,,,,
chem,broken,chem,reacted,form,chem,,,,,,,,,,
amides,prepared,dea,often,also,hydrophilic,reaction,chem,aqueous,chem,first,produces,chem,reacts,second,
learn,related,articles,major,industrial,polymers,chem,polymers,compounds,similar,chem,resins,processing,applications,,
chem,bisulfite,release,chem,gas,reacting,mild,acidic,,,,,,,,